{
    "start_time": "1748968470.583744",
    "focus_score": 26.22282279702385,
    "delta": [
        -30.938027409717414,
        -35.299093268136204,
        -32.72389369894442,
        -34.181571710117254,
        -33.28564652172882
    ],
    "theta": [
        -31.823677453152243,
        -36.65376199752767,
        -31.827423111942338,
        -32.542462923906974,
        -33.21183137163231
    ],
    "alpha": [
        -32.17135375493217,
        -36.68313597672863,
        -30.551323689056385,
        -31.667435374750724,
        -32.76831219886698
    ],
    "beta": [
        -25.42156300728214,
        -29.751306583576998,
        -25.71221815006759,
        -26.78792577367734,
        -26.918253378651016
    ],
    "gamma": [
        -28.839794990000595,
        -33.411726822106246,
        -27.831722824472045,
        -28.71713032063431,
        -29.7000937393033
    ],
    "end_time": 1748968509.56655,
    "array__focus_score": [
        40,
        40,
        40,
        40,
        40.0,
        39.99999999999997,
        39.56889071392417,
        38.71488642441543,
        37.704007130626636,
        35.968967795439184,
        33.850461610152294,
        31.714324869179286,
        29.893218397880208,
        28.39317730404843,
        27.19012423624771,
        26.22282279702385
    ],
    "array__delta": [
        [
            -28.587192649223013,
            -32.53703787128944,
            -29.715335927271983,
            -32.02514894226147,
            -30.716178847511475
        ],
        [
            -33.61815883943288,
            -37.618195606677574,
            -34.83176939773139,
            -37.18725429000153,
            -35.813844533460845
        ],
        [
            -31.918705798934297,
            -35.986896073681244,
            -33.58600083333752,
            -35.99411477536418,
            -34.37142937032931
        ],
        [
            -27.588767964657237,
            -32.43341591149299,
            -27.935063803050344,
            -28.615771023685195,
            -29.143254675721444
        ],
        [
            -31.54897213753167,
            -35.509295820379904,
            -32.19694639213371,
            -34.25237706879385,
            -33.37689785470978
        ],
        [
            -29.492540005507774,
            -33.92325514119769,
            -32.66921912406747,
            -33.913989840474606,
            -32.49975102781188
        ],
        [
            -31.128631479821873,
            -35.300684932529265,
            -30.87997296243364,
            -32.19784271665787,
            -32.376783022860664
        ],
        [
            -25.952980367950037,
            -30.092515251106743,
            -27.876929557621963,
            -30.254907015296432,
            -28.544333047993796
        ],
        [
            -23.589221739093666,
            -29.002167782885365,
            -19.57079240812639,
            -20.428013930296576,
            -23.147548965100498
        ],
        [
            -25.209552260999047,
            -29.37697264714966,
            -31.662739243337974,
            -37.223610426749005,
            -30.86821864455892
        ],
        [
            -30.138392485097768,
            -34.31930428822772,
            -32.21218006333182,
            -34.38114659351298,
            -32.76275585754257
        ],
        [
            -32.31370316480341,
            -36.982807620929634,
            -33.1734918417415,
            -33.72761358294919,
            -34.04940405260594
        ],
        [
            -26.03850395134186,
            -31.287420809989573,
            -24.982001187765096,
            -25.546078632306862,
            -26.963501145350847
        ],
        [
            -25.09444750039691,
            -29.446988696851104,
            -30.94766794447285,
            -37.4392208163787,
            -30.732081239524895
        ],
        [
            -29.310569497333564,
            -33.14836521824435,
            -28.34040770106754,
            -29.98978123086666,
            -30.197280911878032
        ],
        [
            -30.938027409717414,
            -35.299093268136204,
            -32.72389369894442,
            -34.181571710117254,
            -33.28564652172882
        ]
    ],
    "array__theta": [
        [
            -31.929478508317693,
            -35.81844823923278,
            -33.18008279309048,
            -35.5694342814978,
            -34.12436095553469
        ],
        [
            -34.46873480951555,
            -38.46221259518845,
            -35.70746601530979,
            -38.075633381572544,
            -36.678511700396584
        ],
        [
            -32.70080194055431,
            -36.80991131776641,
            -33.84261423275102,
            -35.75686365005575,
            -34.77754778528187
        ],
        [
            -32.42777758098744,
            -37.04771987119437,
            -31.622771555278888,
            -32.449010522875824,
            -33.38681988258413
        ],
        [
            -33.998638876346675,
            -38.22032183027483,
            -34.81479190124739,
            -36.369743818657255,
            -35.85087410663154
        ],
        [
            -29.29783368962102,
            -33.648077804811464,
            -31.56774091194171,
            -33.08066201939272,
            -31.898578606441728
        ],
        [
            -33.49777487535582,
            -38.36154565155892,
            -32.285045701904224,
            -33.13916709166633,
            -34.320883330121326
        ],
        [
            -28.445227702920995,
            -32.8012445957743,
            -30.240080415797486,
            -31.302507064188884,
            -30.697264944670415
        ],
        [
            -28.34188474525996,
            -34.276123189269654,
            -23.981351498846163,
            -24.83695429566163,
            -27.859078432259352
        ],
        [
            -29.724903605742632,
            -33.90035990890421,
            -35.92317837325111,
            -41.464189735123014,
            -35.253157905755245
        ],
        [
            -32.23046000056425,
            -36.52929608078821,
            -34.29717884132449,
            -36.012892214492005,
            -34.76745678429224
        ],
        [
            -33.743160301688675,
            -38.05707284615664,
            -34.03310186139442,
            -35.247373275779765,
            -35.27017707125488
        ],
        [
            -33.10181951372722,
            -38.11561373441708,
            -29.717671579067325,
            -30.605178885252343,
            -32.885070928115994
        ],
        [
            -28.805069019002115,
            -33.13894831853158,
            -33.794224410706725,
            -37.92079280908341,
            -33.414758639330955
        ],
        [
            -32.48902664347965,
            -36.63967716930422,
            -30.76343633201639,
            -31.84109615144514,
            -32.93330907406135
        ],
        [
            -31.823677453152243,
            -36.65376199752767,
            -31.827423111942338,
            -32.542462923906974,
            -33.21183137163231
        ]
    ],