{
    "start_time": "1748969371.109576",
    "focus_score": 25.469385110467933,
    "delta": [
        -32.78865063717791,
        -37.73480337964641,
        -31.826242093184,
        -32.35992068341083,
        -33.677404198354786
    ],
    "theta": [
        -33.24377735338994,
        -38.72748115429506,
        -32.763908821283295,
        -33.06189303152746,
        -34.449265090123944
    ],
    "alpha": [
        -32.896154436752525,
        -38.13928401887925,
        -32.54855663782123,
        -32.89178707158378,
        -34.118945541259194
    ],
    "beta": [
        -26.120003973250338,
        -31.621459959816285,
        -25.40202352119354,
        -25.75929885409698,
        -27.225696577089288
    ],
    "gamma": [
        -29.841142078040754,
        -35.0540317133804,
        -29.156043574749788,
        -29.650673206492325,
        -30.925472643165815
    ],
    "end_time": 1748969411.015145,
    "array__focus_score": [
        40,
        40,
        40,
        40,
        40.0,
        39.99999999999997,
        39.55129450277851,
        38.59469452681712,
        37.55636563210273,
        35.89757603508849,
        33.85664854660845,
        31.786863717172558,
        30.05239849849583,
        28.593468867251847,
        27.337286826160454,
        26.305521866536065,
        25.469385110467933
    ],
    "array__delta": [
        [
            -28.875615376767158,
            -33.089841039878074,
            -30.11820122903556,
            -32.59706132732556,
            -31.170179743251587
        ],
        [
            -25.81404323710764,
            -29.801896460682777,
            -27.20494018402226,
            -29.652829186583176,
            -28.118427267098962
        ],
        [
            -24.761585295619945,
            -28.754251430921336,
            -25.530512556637003,
            -27.458991930442714,
            -26.62633530340525
        ],
        [
            -27.395937081988126,
            -31.76715197414678,
            -33.643355673105106,
            -40.01960856437823,
            -33.206513323404565
        ],
        [
            -30.563531901206154,
            -35.012034205080056,
            -32.93296538323018,
            -34.26597575816318,
            -33.19362681191989
        ],
        [
            -26.314649398979988,
            -30.595096459729522,
            -27.269135590498948,
            -29.142714220983834,
            -28.330398917548074
        ],
        [
            -27.18977662830408,
            -31.76778115210494,
            -29.011812058799308,
            -29.85642635839423,
            -29.45644904940064
        ],
        [
            -25.046695721188506,
            -28.883929318217017,
            -25.50074735518168,
            -27.5054672353159,
            -26.73420990747578
        ],
        [
            -26.62297450592686,
            -31.045661068730134,
            -29.055875266816958,
            -29.514299449602674,
            -29.059702572769154
        ],
        [
            -26.172223138402494,
            -30.322217215808998,
            -27.613004284424527,
            -29.69275544517043,
            -28.450050020951615
        ],
        [
            -26.91487453955711,
            -31.431312725366123,
            -28.705821686606278,
            -29.326844507092858,
            -29.09471336465559
        ],
        [
            -28.83933495709906,
            -33.168506742346636,
            -33.564527757123614,
            -38.31370973357417,
            -33.47151979753587
        ],
        [
            -26.708810096155556,
            -31.001033957946703,
            -29.94797414724832,
            -32.59992556674062,
            -30.0644359420228
        ],
        [
            -31.212232442429105,
            -36.46361780865751,
            -32.09359848437407,
            -32.135378951405556,
            -32.97620692171656
        ],
        [
            -28.09931636358023,
            -32.72142200121873,
            -33.00200824221916,
            -32.33703110098891,
            -31.539944427001757
        ],
        [
            -25.91681254713249,
            -30.4538390028684,
            -27.43987363907142,
            -28.02342309149719,
            -27.958487070142375
        ],
        [
            -32.78865063717791,
            -37.73480337964641,
            -31.826242093184,
            -32.35992068341083,
            -33.677404198354786
        ]
    ],
    "array__theta": [
        [
            -32.946687911844194,
            -37.13282873058278,
            -34.193196483996545,
            -36.66251309739464,
            -35.23380655595454
        ],
        [
            -31.00610678688443,
            -34.97766054613119,
            -32.16375178202505,
            -34.49006534996076,
            -33.159396116250356
        ],
        [
            -28.702453789853205,
            -33.158617712543624,
            -31.427364468019604,
            -32.350520259140296,
            -31.40973905738918
        ],
        [
            -31.76526976977041,
            -36.1161997779271,
            -37.56715093415629,
            -43.357619615519695,
            -37.20156002434337
        ],
        [
            -34.98419546792337,
            -39.791474054791905,
            -33.86626293867793,
            -34.55558255856181,
            -35.79937875498875
        ],
        [
            -29.94841315059286,
            -34.14841128780423,
            -30.68927873094229,
            -31.972149137307994,
            -31.689563076661845
        ],
        [
            -30.68820997398487,
            -35.05022087887354,
            -33.54276135469077,
            -35.101612570894616,
            -33.59570119461095
        ],
        [
            -27.949107552907616,
            -31.897874290264625,
            -29.29606353701411,
            -31.61033105606302,
            -30.188344109062342
        ],
        [
            -31.219329696544666,
            -35.64757129168913,
            -31.99984106309134,
            -32.91625045184742,
            -32.94574812579314
        ],
        [
            -31.023546126673498,
            -35.151098838361804,
            -30.179216791180604,
            -31.46469458706621,
            -31.954639085820528
        ],
        [
            -32.44794897181417,
            -36.85367205853782,
            -31.99501389673483,
            -32.72379819649866,
            -33.505108280896366
        ],
        [
            -30.808306257209388,
            -35.11824297854443,
            -34.934463794739436,
            -39.07906317538953,
            -34.985019051470694
        ],
        [
            -31.15246557673902,
            -35.587623642080686,
            -32.33714535999661,
            -33.164089395615605,
            -33.06033099360798
        ],
        [
            -31.809811388754312,
            -36.93088000710403,
            -33.0556561857831,
            -33.03099862385305,
            -33.70683655137363
        ],
        [
            -32.156166515109014,
            -36.747700530959555,
            -34.971640498924245,
            -35.140884183260304,
            -34.75409793206328
        ],
        [
            -30.283283611629734,
            -34.9399732075505,
            -30.39716692393201,
            -31.07223101447704,
            -31.67316368939732
        ],
        [
            -33.24377735338994,
            -38.72748115429506,
            -32.763908821283295,
            -33.06189303152746,
            -34.449265090123944
        ]
    ],