{
    "start_time": "1748737853.352862",
    "focus_score": 40,
    "delta": [
        11.837274348277225,
        4.311762585351737,
        6.2857181716956445,
        3.092335012476602,
        6.381772529450303
    ],
    "theta": [
        8.469029090909665,
        5.897526136128071,
        0.028088801411566777,
        5.027391983490314,
        4.855509002984904
    ],
    "alpha": [
        5.592731946218953,
        1.0833768043900949,
        -1.7094572556962697,
        0.5793175462272744,
        1.3864922602850132
    ],
    "beta": [
        8.123238842092347,
        2.7163574314505046,
        2.895857673197976,
        2.4055373012643684,
        4.035247812001298
    ],
    "gamma": [
        1.214624214499873,
        -4.156568546826385,
        -5.023220852474265,
        -5.002829158477194,
        -3.241998585819493
    ],
    "end_time": 1748737868.906788,
    "array__focus_score": [
        40,
        40,
        40,
        40
    ],
    "array__delta": [
        [
            -23.51070071789671,
            -28.193587477452624,
            -27.870472752722144,
            -33.342062729475444,
            -28.229205919386732
        ],
        [
            -20.793963759512057,
            -25.380006423628203,
            -24.719915654293057,
            -26.47942050350927,
            -24.343326585235648
        ],
        [
            1.9312248390014677,
            -2.955471247906012,
            1.222459962965773,
            -1.2791896011150774,
            -0.27024401176346213
        ],
        [
            11.837274348277225,
            4.311762585351737,
            6.2857181716956445,
            3.092335012476602,
            6.381772529450303
        ]
    ],
    "array__theta": [
        [
            -26.18458377160286,
            -30.84937885695425,
            -30.594709171864874,
            -36.191112357885096,
            -30.954946039576768
        ],
        [
            -24.64166895556659,
            -29.381428411172223,
            -26.00559664905939,
            -27.643635618690038,
            -26.918082408622062
        ],
        [
            5.228607152211526,
            0.3933749942197679,
            4.650053029356696,
            2.167400357583151,
            3.1098588833427856
        ],
        [
            8.469029090909665,
            5.897526136128071,
            0.028088801411566777,
            5.027391983490314,
            4.855509002984904
        ]
    ],
    "array__alpha": [
        [
            -30.530918575058074,
            -35.08823412364367,
            -35.17608938023991,
            -41.162577000860836,
            -35.489454769950626
        ],
        [
            -26.978903646631483,
            -31.645789663997487,
            -29.108651360927304,
            -30.853281138300236,
            -29.646656452464125
        ],
        [
            6.6124538831538,
            1.763784605381513,
            6.004274441045878,
            3.5284073028888523,
            4.47723005811751
        ],
        [
            5.592731946218953,
            1.0833768043900949,
            -1.7094572556962697,
            0.5793175462272744,
            1.3864922602850132
        ]
    ],
    "array__beta": [
        [
            -26.06011452601396,
            -30.70515641028942,
            -30.567359752345276,
            -36.4149172905624,
            -30.936886994802766
        ],
        [
            -24.308506599288364,
            -29.046029487844066,
            -25.144635415282472,
            -26.676953054410184,
            -26.294031139206268
        ],
        [
            8.604432478881973,
            3.7486393820311807,
            7.979427498272348,
            5.504282831637277,
            6.459195547705694
        ],
        [
            8.123238842092347,
            2.7163574314505046,
            2.895857673197976,
            2.4055373012643684,
            4.035247812001298
        ]
    ],
    "array__gamma": [
        [
            -28.26814931869738,
            -32.93547492530398,
            -32.70440877672597,
            -38.39629609379855,
            -33.07608227863147
        ],
        [
            -27.25202706542166,
            -32.041603534896986,
            -27.708292735924147,
            -29.308749861363058,
            -29.077668299401463
        ],
        [
            4.541441071995616,
            -0.32169297181906037,
            3.901674038796263,
            1.434592124721654,
            2.389003565923618
        ],
        [
            1.214624214499873,
            -4.156568546826385,
            -5.023220852474265,
            -5.002829158477194,
            -3.241998585819493
        ]
    ],
    "posture": "supine",
    "sqc_scores": [
        1,
        0,
        0,
        0
    ],
    "array__posture": [
        "upright",
        "supine"
    ],
    "array__sqc_scores": [
        [
            0,
            0,
            0,
            0
        ],
        [
            1,
            0,
            0,
            0
        ]
    ],
    "hr": 0.0,
    "spo2": 0.0,
    "array__hr": [
        0.0
    ],
    "array__spo2": [
        0.0
    ]
}