{
    "start_time": "1748926177.5545459",
    "focus_score": 24.822798067326243,
    "delta": [
        -23.9302261068434,
        -28.199005289906182,
        -26.653785284554203,
        -29.727928507278627,
        -27.127736297145603
    ],
    "theta": [
        -27.265928890762066,
        -31.494140790947796,
        -29.94762308105053,
        -32.97913296077621,
        -30.42170643088415
    ],
    "alpha": [
        -29.05111750082067,
        -33.31560263905831,
        -31.769015595121175,
        -34.85364410428532,
        -32.24734495982137
    ],
    "beta": [
        -25.19220214181974,
        -29.31469466594368,
        -27.751105675628644,
        -30.619021425011717,
        -28.219255977100943
    ],
    "gamma": [
        -28.571069422334286,
        -32.58092959025579,
        -30.998190565938852,
        -33.71376770295478,
        -31.46598932037093
    ],
    "end_time": 1748926216.273463,
    "array__focus_score": [
        40,
        40,
        40,
        40,
        40.0,
        39.99999999999997,
        39.55865198967822,
        38.695361268900236,
        37.698264937103815,
        35.95637788661227,
        33.6643487277214,
        31.214738260563887,
        29.120087444826424,
        27.3887538005632,
        25.925191441728714,
        24.822798067326243
    ],
    "array__delta": [
        [
            -16.824411879595903,
            -27.35475907343513,
            -23.884626095377968,
            -23.942826122578108,
            -23.001655792746778
        ],
        [
            -21.35154502762234,
            -27.036523330297577,
            -25.564176481988284,
            -32.43003127233105,
            -26.595569028059813
        ],
        [
            -26.009897851497513,
            -30.730094724085077,
            -29.064548477472666,
            -32.81271192733372,
            -29.654313245097246
        ],
        [
            -25.766286968650476,
            -30.087853396306116,
            -28.582544076025655,
            -31.77581597673628,
            -29.053125104429633
        ],
        [
            -27.787236001661388,
            -32.06657051867948,
            -30.594461967106174,
            -33.741285196817415,
            -31.047388421066113
        ],
        [
            -26.444472823173033,
            -30.509182747870362,
            -29.08551000069926,
            -31.946043807819397,
            -29.496302344890513
        ],
        [
            -27.974120964121155,
            -32.7710390792869,
            -31.22253012628548,
            -35.22731929727472,
            -31.798752366742065
        ],
        [
            -28.634887436825423,
            -33.056368836202495,
            -31.55207934892253,
            -34.90582451832211,
            -32.03729003506814
        ],
        [
            -23.602594434733447,
            -27.756791875655885,
            -26.256148560348077,
            -29.15360450954725,
            -26.692284845071164
        ],
        [
            -19.57199583754807,
            -23.438020781523136,
            -22.050518377058875,
            -24.65810172067159,
            -22.42965917920042
        ],
        [
            -20.998993087842855,
            -24.980890572398348,
            -23.732621875189352,
            -26.57296204065291,
            -24.071366894020866
        ],
        [
            -28.604127548211217,
            -32.806730180155526,
            -31.363906118506257,
            -34.42909922433178,
            -31.800965767801195
        ],
        [
            -30.846897884553975,
            -35.10937836031249,
            -33.53886338341252,
            -36.61648990906493,
            -34.02790738433598
        ],
        [
            -25.1741180121821,
            -29.365775288289882,
            -27.78125670884391,
            -30.755434787793124,
            -28.26914619927725
        ],
        [
            -25.0993893792704,
            -29.34326236814995,
            -27.619540663469326,
            -30.597511877351117,
            -28.164926072060197
        ],
        [
            -23.9302261068434,
            -28.199005289906182,
            -26.653785284554203,
            -29.727928507278627,
            -27.127736297145603
        ]
    ],
    "array__theta": [
        [
            -23.619261202583424,
            -32.774049197114316,
            -30.26809505059623,
            -31.457837620309782,
            -29.529810767650936
        ],
        [
            -25.215433882033636,
            -31.03473101389202,
            -29.767144883247084,
            -37.06671239446805,
            -30.771005543410197
        ],
        [
            -29.510092127121492,
            -34.23644244231358,
            -32.563448970775944,
            -36.326435997162015,
            -33.15910488434326
        ],
        [
            -31.27165786189493,
            -35.59685165650445,
            -34.084898741172964,
            -37.2808987477039,
            -34.55857675181906
        ],
        [
            -31.927907276716944,
            -36.155552573722034,
            -34.69495819756733,
            -37.76946968948762,
            -35.13697193437348
        ],
        [
            -28.842061997889807,
            -33.014613136778884,
            -31.5753014251702,
            -34.57880889700927,
            -32.00269636421204
        ],
        [
            -30.430612259578616,
            -35.18221086650833,
            -33.641094180680106,
            -37.56775399549207,
            -34.20541782556478
        ],
        [
            -31.42279888730965,
            -35.80416036629825,
            -34.30167478194459,
            -37.59008949877252,
            -34.77968088358126
        ],
        [
            -28.147404056731936,
            -32.418939292657605,
            -30.91919379210885,
            -33.85602720632675,
            -31.335391086956285
        ],
        [
            -26.646130247318634,
            -30.450564233622984,
            -28.985710037799358,
            -31.458858440774243,
            -29.385315739878806
        ],
        [
            -24.90297562459145,
            -28.870066075249152,
            -27.634159290829086,
            -30.45899103030709,
            -27.966548005244196
        ],
        [
            -32.81041801175184,
            -37.04533729836035,
            -35.56634649527722,
            -38.65768695505285,
            -36.01994719011057
        ],
        [
            -32.31457867776634,
            -36.575703037086136,
            -35.007189168044704,
            -38.08412964109603,
            -35.495400130998306
        ],
        [
            -29.197294326100256,
            -33.39028028233336,
            -31.78051327521259,
            -34.74520202663455,
            -32.27832247757019
        ],
        [
            -29.832629818571878,
            -34.07147069840965,
            -32.35380378900106,
            -35.32805542915554,
            -32.89648993378454
        ],
        [
            -27.265928890762066,
            -31.494140790947796,
            -29.94762308105053,
            -32.97913296077621,
            -30.42170643088415
        ]
    ],